Symbol,Signal,Type,EntryTime,ExitTime,Entry,Exit,Stop,TP1,TP2,ExitReason,PnL_USD,PnL_Percent,BarsHeld
BTCUSDT,OversoldBounce,LONG,2026-01-06T17:00:00.000Z,2026-01-08T07:00:00.000Z,91635.03,89712.58,89757.46,93878.97,96168.70,STOP,-1.96,-2.18,38
BTCUSDT,BullishPullback,LONG,2026-01-08T07:00:00.000Z,2026-01-13T14:00:00.000Z,90593.29,92811.72,88849.14,92811.72,95075.42,TP1,2.13,2.37,127
BTCUSDT,BullishPullback,LONG,2026-01-16T15:00:00.000Z,2026-01-20T05:00:00.000Z,94633.27,91557.74,91603.54,96950.63,99315.28,STOP,-3.00,-3.33,86
BTCUSDT,OversoldBounce,LONG,2026-01-20T05:00:00.000Z,2026-01-20T17:00:00.000Z,91669.99,89746.80,89791.70,93914.78,96205.39,STOP,-1.96,-2.18,12
BTCUSDT,OversoldBounce,LONG,2026-01-20T17:00:00.000Z,2026-01-20T22:00:00.000Z,89820.35,87935.96,87979.95,92019.85,94264.23,STOP,-1.96,-2.18,5
BTCUSDT,OversoldBounce,LONG,2026-01-20T22:00:00.000Z,2026-01-23T17:00:00.000Z,88553.43,90721.91,86739.00,90721.91,92934.64,TP1,2.13,2.37,67
BTCUSDT,BearishRally,SHORT,2026-01-23T17:00:00.000Z,2026-01-25T08:00:00.000Z,90554.70,88335.00,93286.10,88335.00,86070.00,TP1,2.13,2.37,39
BTCUSDT,OversoldBounce,LONG,2026-01-25T08:00:00.000Z,2026-01-25T19:00:00.000Z,88344.16,86490.74,86534.01,90507.51,92715.01,STOP,-1.96,-2.18,11
BTCUSDT,OversoldBounce,LONG,2026-01-25T19:00:00.000Z,2026-01-26T15:00:00.000Z,86538.41,88657.54,84765.26,88657.54,90819.92,TP1,2.13,2.37,20
BTCUSDT,BearishRally,SHORT,2026-01-27T02:00:00.000Z,2026-01-29T15:00:00.000Z,88787.18,84390.02,91583.94,86610.81,84390.02,TP2,4.39,4.87,61
BTCUSDT,OversoldBounce,LONG,2026-01-29T15:00:00.000Z,2026-01-30T01:00:00.000Z,84976.49,83193.72,83235.34,87057.37,89180.72,STOP,-1.96,-2.18,10
BTCUSDT,OversoldBounce,LONG,2026-01-30T01:00:00.000Z,2026-01-30T19:00:00.000Z,82509.25,84529.72,80818.66,84529.72,86591.42,TP1,2.13,2.37,18
BTCUSDT,OversoldBounce,LONG,2026-01-31T14:00:00.000Z,2026-01-31T17:00:00.000Z,81520.73,79810.47,79850.39,83516.99,85553.99,STOP,-1.96,-2.18,3
BTCUSDT,OversoldBounce,LONG,2026-01-31T17:00:00.000Z,2026-01-31T18:00:00.000Z,78933.37,77277.38,77316.04,80866.27,82838.62,STOP,-1.96,-2.18,1
BTCUSDT,OversoldBounce,LONG,2026-01-31T18:00:00.000Z,2026-02-01T21:00:00.000Z,78077.40,76439.37,76477.61,79989.34,81940.30,STOP,-1.96,-2.18,27
BTCUSDT,OversoldBounce,LONG,2026-02-01T21:00:00.000Z,2026-02-02T03:00:00.000Z,76564.29,74958.01,74995.51,78439.18,80352.33,STOP,-1.96,-2.18,6
BTCUSDT,OversoldBounce,LONG,2026-02-02T05:00:00.000Z,2026-02-02T09:00:00.000Z,75539.85,77389.65,73992.06,77389.65,79277.21,TP1,2.13,2.37,4
BTCUSDT,OversoldBounce,LONG,2026-02-03T18:00:00.000Z,2026-02-03T19:00:00.000Z,73175.70,74967.61,71676.35,74967.61,76796.09,TP1,2.13,2.37,1
BTCUSDT,OversoldBounce,LONG,2026-02-04T17:00:00.000Z,2026-02-05T04:00:00.000Z,72612.37,71089.00,71124.56,74390.48,76204.88,STOP,-1.96,-2.18,11
BTCUSDT,OversoldBounce,LONG,2026-02-05T04:00:00.000Z,2026-02-05T12:00:00.000Z,70923.52,69435.58,69470.32,72660.28,74432.48,STOP,-1.96,-2.18,8
BTCUSDT,OversoldBounce,LONG,2026-02-05T12:00:00.000Z,2026-02-05T15:00:00.000Z,69598.35,68138.21,68172.30,71302.66,73041.75,STOP,-1.96,-2.18,3
BTCUSDT,OversoldBounce,LONG,2026-02-05T15:00:00.000Z,2026-02-05T18:00:00.000Z,67522.81,66106.22,66139.29,69176.30,70863.52,STOP,-1.96,-2.18,3
BTCUSDT,OversoldBounce,LONG,2026-02-05T18:00:00.000Z,2026-02-05T20:00:00.000Z,66380.17,64987.55,65020.06,68005.67,69664.35,STOP,-1.96,-2.18,2
BTCUSDT,OversoldBounce,LONG,2026-02-05T20:00:00.000Z,2026-02-06T00:00:00.000Z,63807.56,62468.91,62500.16,65370.06,66964.45,STOP,-1.96,-2.18,4
BTCUSDT,OversoldBounce,LONG,2026-02-06T00:00:00.000Z,2026-02-06T01:00:00.000Z,63541.14,65097.12,62239.20,65097.12,66684.86,TP1,2.13,2.37,1
BTCUSDT,OversoldBounce,LONG,2026-02-11T06:00:00.000Z,2026-02-11T14:00:00.000Z,66853.73,68490.83,65483.91,68490.83,70161.34,TP1,2.13,2.37,8
BTCUSDT,BearishRally,SHORT,2026-02-13T16:00:00.000Z,2026-02-17T14:00:00.000Z,68920.21,67230.82,71030.30,67230.82,65506.96,TP1,2.13,2.37,94
BTCUSDT,BearishRally,SHORT,2026-02-18T07:00:00.000Z,2026-02-18T18:00:00.000Z,68072.39,66403.78,70312.26,66403.78,64701.12,TP1,2.13,2.37,11
BTCUSDT,BearishRally,SHORT,2026-02-20T03:00:00.000Z,2026-02-23T01:00:00.000Z,67332.57,65682.09,69578.55,65682.09,63997.94,TP1,2.13,2.37,70
BTCUSDT,OversoldBounce,LONG,2026-02-23T01:00:00.000Z,2026-02-23T09:00:00.000Z,64459.86,66038.34,63139.10,66038.34,67649.03,TP1,2.13,2.37,8
BTCUSDT,OversoldBounce,LONG,2026-02-23T19:00:00.000Z,2026-02-24T04:00:00.000Z,64327.25,62977.69,63009.20,65902.48,67509.85,STOP,-1.96,-2.18,9
BTCUSDT,OversoldBounce,LONG,2026-02-24T04:00:00.000Z,2026-02-25T01:00:00.000Z,63410.53,64963.31,62111.26,64963.31,66547.78,TP1,2.13,2.37,21
BTCUSDT,BearishRally,SHORT,2026-02-25T01:00:00.000Z,2026-02-25T16:00:00.000Z,65863.80,68018.17,67984.18,64249.33,62601.91,STOP,-3.02,-3.35,15
BTCUSDT,BullishPullback,LONG,2026-02-26T14:00:00.000Z,2026-02-27T16:00:00.000Z,67731.59,65536.22,65569.00,69390.18,71082.63,STOP,-2.99,-3.32,26
BTCUSDT,OversoldBounce,LONG,2026-02-28T06:00:00.000Z,2026-02-28T13:00:00.000Z,63247.62,64796.41,61951.69,64796.41,66376.81,TP1,2.13,2.37,7
BTCUSDT,BearishRally,SHORT,2026-02-28T18:00:00.000Z,2026-03-01T02:00:00.000Z,65878.88,67856.20,67822.29,64264.04,62616.25,STOP,-2.77,-3.08,8
BTCUSDT,BearishRally,SHORT,2026-03-01T03:00:00.000Z,2026-03-01T16:00:00.000Z,67468.41,65814.61,67871.24,65814.61,64127.05,TP1,2.13,2.37,13
BTCUSDT,BearishRally,SHORT,2026-03-02T00:00:00.000Z,2026-03-02T15:00:00.000Z,66468.27,67873.09,67839.17,64838.98,63176.44,STOP,-1.97,-2.19,15
BTCUSDT,BullishPullback,LONG,2026-03-03T08:00:00.000Z,2026-03-03T16:00:00.000Z,67036.80,68678.38,65511.38,68678.38,70353.47,TP1,2.13,2.37,8
BTCUSDT,BullishPullback,LONG,2026-03-04T03:00:00.000Z,2026-03-04T07:00:00.000Z,67766.07,69425.50,65677.46,69425.50,71118.81,TP1,2.13,2.37,4
BTCUSDT,BullishPullback,LONG,2026-03-06T12:00:00.000Z,2026-03-07T07:00:00.000Z,69941.95,67576.97,67610.77,71654.67,73402.35,STOP,-3.12,-3.46,19
BTCUSDT,BullishPullback,LONG,2026-03-07T07:00:00.000Z,2026-03-07T19:00:00.000Z,67876.59,67445.35,67479.09,69538.74,71234.80,STOP,-0.64,-0.72,12
BTCUSDT,OversoldBounce,LONG,2026-03-07T19:00:00.000Z,2026-03-08T22:00:00.000Z,67113.88,65705.86,65738.73,68757.35,70434.36,STOP,-1.96,-2.18,27
BTCUSDT,BearishRally,SHORT,2026-03-09T05:00:00.000Z,2026-03-10T02:00:00.000Z,67877.20,69663.68,69628.86,66213.38,64515.60,STOP,-2.44,-2.71,21
BTCUSDT,BullishPullback,LONG,2026-03-11T03:00:00.000Z,2026-03-11T17:00:00.000Z,69586.69,71290.71,67385.21,71290.71,73029.51,TP1,2.13,2.37,14
BTCUSDT,BullishPullback,LONG,2026-03-12T01:00:00.000Z,2026-03-13T00:00:00.000Z,69876.23,71587.34,67647.14,71587.34,73333.38,TP1,2.13,2.37,23
BTCUSDT,BullishPullback,LONG,2026-03-14T00:00:00.000Z,2026-03-15T22:00:00.000Z,70667.29,72397.77,68354.57,72397.77,74163.57,TP1,2.13,2.37,46
BTCUSDT,BullishPullback,LONG,2026-03-18T11:00:00.000Z,2026-03-18T20:00:00.000Z,72989.33,70527.61,70562.89,74776.67,76600.49,STOP,-3.11,-3.45,9
BTCUSDT,BullishPullback,LONG,2026-03-18T20:00:00.000Z,2026-03-19T06:00:00.000Z,71250.28,70484.00,70519.26,72995.04,74775.40,STOP,-1.04,-1.16,10
BTCUSDT,OversoldBounce,LONG,2026-03-19T06:00:00.000Z,2026-03-19T12:00:00.000Z,70618.51,69136.97,69171.56,72347.80,74112.38,STOP,-1.96,-2.18,6
BTCUSDT,OversoldBounce,LONG,2026-03-19T12:00:00.000Z,2026-03-20T08:00:00.000Z,69324.92,71022.53,67904.46,71022.53,72754.78,TP1,2.13,2.37,20
BTCUSDT,BearishRally,SHORT,2026-03-20T08:00:00.000Z,2026-03-21T23:00:00.000Z,71006.71,69266.17,72918.72,69266.17,67490.12,TP1,2.13,2.37,39
BTCUSDT,OversoldBounce,LONG,2026-03-21T23:00:00.000Z,2026-03-22T21:00:00.000Z,68952.58,67505.99,67539.76,70641.07,72364.03,STOP,-1.96,-2.18,22
BTCUSDT,OversoldBounce,LONG,2026-03-22T21:00:00.000Z,2026-03-23T11:00:00.000Z,67933.92,71294.97,66541.97,69597.47,71294.97,TP2,4.38,4.87,14
BTCUSDT,BearishRally,SHORT,2026-03-23T11:00:00.000Z,2026-03-23T14:00:00.000Z,70087.09,71809.77,71773.89,68369.10,66616.04,STOP,-2.28,-2.54,3
BTCUSDT,BearishRally,SHORT,2026-03-23T14:00:00.000Z,2026-03-24T14:00:00.000Z,71410.74,69660.30,71799.88,69660.30,67874.14,TP1,2.13,2.37,24
BTCUSDT,BearishRally,SHORT,2026-03-24T21:00:00.000Z,2026-03-25T11:00:00.000Z,70297.76,71854.25,71818.34,68574.61,66816.28,STOP,-2.06,-2.29,14
BTCUSDT,BullishPullback,LONG,2026-03-25T15:00:00.000Z,2026-03-26T15:00:00.000Z,70868.41,69072.20,69106.76,72603.81,74374.64,STOP,-2.35,-2.61,24
BTCUSDT,OversoldBounce,LONG,2026-03-26T15:00:00.000Z,2026-03-27T08:00:00.000Z,69117.18,67667.14,67700.99,70809.71,72536.77,STOP,-1.96,-2.18,17
BTCUSDT,OversoldBounce,LONG,2026-03-27T08:00:00.000Z,2026-03-27T10:00:00.000Z,67954.46,66528.81,66562.09,69618.51,71316.53,STOP,-1.96,-2.18,2
BTCUSDT,OversoldBounce,LONG,2026-03-27T10:00:00.000Z,2026-03-29T22:00:00.000Z,66535.66,65139.78,65172.36,68164.97,69827.53,STOP,-1.96,-2.18,60
BTCUSDT,BearishRally,SHORT,2026-03-30T04:00:00.000Z,2026-04-02T13:00:00.000Z,67582.48,65925.88,69771.14,65925.88,64235.48,TP1,2.13,2.37,81
BTCUSDT,BearishRally,SHORT,2026-04-03T07:00:00.000Z,2026-04-05T23:00:00.000Z,67008.56,69132.76,69098.21,65366.03,63689.98,STOP,-2.93,-3.25,64
BTCUSDT,BullishPullback,LONG,2026-04-07T00:00:00.000Z,2026-04-07T22:00:00.000Z,68810.09,70495.09,66528.17,70495.09,72214.49,TP1,2.13,2.37,22
BTCUSDT,BullishPullback,LONG,2026-04-12T01:00:00.000Z,2026-04-13T19:00:00.000Z,71679.51,73434.78,69293.34,73434.78,75225.87,TP1,2.13,2.37,42
BTCUSDT,BullishPullback,LONG,2026-04-19T07:00:00.000Z,2026-04-22T02:00:00.000Z,75289.97,77133.65,72783.86,77133.65,79014.96,TP1,2.13,2.37,67
BTCUSDT,BullishPullback,LONG,2026-04-24T22:00:00.000Z,2026-04-27T00:00:00.000Z,77367.57,79262.13,74918.24,79262.13,81195.36,TP1,2.13,2.37,50
BTCUSDT,BullishPullback,LONG,2026-04-27T05:00:00.000Z,2026-04-29T18:00:00.000Z,77824.43,75503.82,75541.59,79730.18,81674.82,STOP,-2.76,-3.06,61
BTCUSDT,BearishRally,SHORT,2026-04-30T07:00:00.000Z,2026-05-01T13:00:00.000Z,76123.59,78394.90,78355.72,74257.63,72353.59,STOP,-2.76,-3.06,30
BTCUSDT,BullishPullback,LONG,2026-05-03T01:00:00.000Z,2026-05-04T02:00:00.000Z,78279.95,80196.85,75732.63,80196.85,82152.87,TP1,2.13,2.37,25
BTCUSDT,BullishPullback,LONG,2026-05-04T11:00:00.000Z,2026-05-04T17:00:00.000Z,78833.07,80763.51,76221.75,80763.51,82733.35,TP1,2.13,2.37,6
BTCUSDT,BullishPullback,LONG,2026-05-07T13:00:00.000Z,2026-05-16T09:00:00.000Z,80543.93,77893.39,77932.36,82516.27,84528.86,STOP,-3.03,-3.37,212
BTCUSDT,OversoldBounce,LONG,2026-05-16T09:00:00.000Z,2026-05-18T14:00:00.000Z,78122.52,76483.55,76521.81,80035.57,81987.65,STOP,-1.96,-2.18,53
BTCUSDT,BearishRally,SHORT,2026-05-20T06:00:00.000Z,2026-05-22T23:00:00.000Z,77375.40,75478.76,79975.31,75478.76,73543.40,TP1,2.13,2.37,65
BTCUSDT,OversoldBounce,LONG,2026-05-22T23:00:00.000Z,2026-05-24T10:00:00.000Z,75577.27,77427.99,74028.71,77427.99,79316.48,TP1,2.13,2.37,35
BTCUSDT,BearishRally,SHORT,2026-05-24T10:00:00.000Z,2026-05-27T13:00:00.000Z,77152.14,75260.97,78874.43,75260.97,73331.20,TP1,2.13,2.37,75
BTCUSDT,OversoldBounce,LONG,2026-05-27T13:00:00.000Z,2026-05-28T03:00:00.000Z,75110.94,73535.15,73571.93,76950.23,78827.07,STOP,-1.96,-2.18,14
BTCUSDT,OversoldBounce,LONG,2026-05-28T03:00:00.000Z,2026-06-01T13:00:00.000Z,73294.64,71756.95,71792.85,75089.46,76920.91,STOP,-1.96,-2.18,106
BTCUSDT,OversoldBounce,LONG,2026-06-01T13:00:00.000Z,2026-06-02T02:00:00.000Z,71747.75,70242.51,70277.65,73504.69,75297.48,STOP,-1.96,-2.18,13
BTCUSDT,OversoldBounce,LONG,2026-06-02T05:00:00.000Z,2026-06-02T13:00:00.000Z,70304.09,68829.15,68863.58,72025.68,73782.41,STOP,-1.96,-2.18,8
BTCUSDT,OversoldBounce,LONG,2026-06-02T13:00:00.000Z,2026-06-02T15:00:00.000Z,68846.32,67401.95,67435.67,70532.21,72252.51,STOP,-1.96,-2.18,2
BTCUSDT,OversoldBounce,LONG,2026-06-02T15:00:00.000Z,2026-06-03T03:00:00.000Z,67337.93,65925.22,65958.19,68986.89,70669.49,STOP,-1.96,-2.18,12
BTCUSDT,OversoldBounce,LONG,2026-06-03T03:00:00.000Z,2026-06-03T06:00:00.000Z,65882.82,67496.15,64532.90,67496.15,69142.40,TP1,2.13,2.37,3
BTCUSDT,OversoldBounce,LONG,2026-06-03T19:00:00.000Z,2026-06-03T23:00:00.000Z,65494.73,64120.68,64152.76,67098.55,68735.10,STOP,-1.96,-2.18,4
BTCUSDT,OversoldBounce,LONG,2026-06-03T23:00:00.000Z,2026-06-04T01:00:00.000Z,64174.82,62828.47,62859.89,65746.32,67349.89,STOP,-1.96,-2.18,2
BTCUSDT,OversoldBounce,LONG,2026-06-04T01:00:00.000Z,2026-06-04T03:00:00.000Z,62209.19,63732.55,60934.54,63732.55,65287.01,TP1,2.13,2.37,2
BTCUSDT,OversoldBounce,LONG,2026-06-09T14:00:00.000Z,2026-06-11T10:00:00.000Z,61572.72,63080.50,60311.11,63080.50,64619.05,TP1,2.13,2.37,44
BTCUSDT,BearishRally,SHORT,2026-06-11T10:00:00.000Z,2026-06-14T21:00:00.000Z,63116.43,65125.32,65092.78,61569.30,59990.60,STOP,-2.94,-3.26,83
BTCUSDT,BullishPullback,LONG,2026-06-17T06:00:00.000Z,2026-06-18T15:00:00.000Z,65656.81,63501.90,63533.67,67264.60,68905.20,STOP,-3.03,-3.36,33
BTCUSDT,OversoldBounce,LONG,2026-06-18T15:00:00.000Z,2026-06-20T14:00:00.000Z,62400.62,63928.68,61122.05,63928.68,65487.91,TP1,2.13,2.37,47
BTCUSDT,BearishRally,SHORT,2026-06-20T14:00:00.000Z,2026-06-22T13:00:00.000Z,63917.93,65476.42,65443.69,62351.15,60752.40,STOP,-2.27,-2.52,47
BTCUSDT,BearishRally,SHORT,2026-06-22T14:00:00.000Z,2026-06-23T05:00:00.000Z,64947.90,63355.88,65465.91,63355.88,61731.37,TP1,2.13,2.37,15
BTCUSDT,OversoldBounce,LONG,2026-06-23T06:00:00.000Z,2026-06-24T13:00:00.000Z,62967.48,61646.45,61677.29,64509.41,66082.81,STOP,-1.96,-2.18,31
BTCUSDT,OversoldBounce,LONG,2026-06-24T13:00:00.000Z,2026-06-24T16:00:00.000Z,61368.68,60081.19,60111.25,62871.46,64404.91,STOP,-1.96,-2.18,3
BTCUSDT,OversoldBounce,LONG,2026-06-24T16:00:00.000Z,2026-06-25T04:00:00.000Z,59879.92,61346.25,58653.00,61346.25,62842.50,TP1,2.13,2.37,12
BTCUSDT,OversoldBounce,LONG,2026-06-25T13:00:00.000Z,2026-06-25T14:00:00.000Z,58319.32,59747.42,57124.37,59747.42,61204.68,TP1,2.13,2.37,1
ETHUSDT,BullishPullback,LONG,2026-01-07T17:00:00.000Z,2026-01-13T22:00:00.000Z,3153.64,3309.66,3047.30,3230.86,3309.66,TP2,4.38,4.87,149
ETHUSDT,BullishPullback,LONG,2026-01-18T23:00:00.000Z,2026-01-19T00:00:00.000Z,3285.67,3191.08,3192.68,3366.13,3448.23,STOP,-2.66,-2.96,1
ETHUSDT,BullishPullback,LONG,2026-01-19T00:00:00.000Z,2026-01-19T06:00:00.000Z,3213.74,3190.64,3192.23,3292.43,3372.74,STOP,-0.72,-0.80,6
ETHUSDT,OversoldBounce,LONG,2026-01-19T06:00:00.000Z,2026-01-20T06:00:00.000Z,3197.18,3130.10,3131.67,3275.47,3355.36,STOP,-1.96,-2.18,24
ETHUSDT,OversoldBounce,LONG,2026-01-20T06:00:00.000Z,2026-01-20T14:00:00.000Z,3118.47,3053.04,3054.57,3194.83,3272.76,STOP,-1.96,-2.18,8
ETHUSDT,OversoldBounce,LONG,2026-01-20T14:00:00.000Z,2026-01-20T17:00:00.000Z,3049.01,2985.05,2986.54,3123.68,3199.86,STOP,-1.96,-2.18,3
ETHUSDT,OversoldBounce,LONG,2026-01-20T17:00:00.000Z,2026-01-20T22:00:00.000Z,3001.12,2938.16,2939.63,3074.61,3149.60,STOP,-1.96,-2.18,5
ETHUSDT,OversoldBounce,LONG,2026-01-20T22:00:00.000Z,2026-01-21T15:00:00.000Z,2953.02,3025.33,2892.51,3025.33,3099.12,TP1,2.13,2.37,17
ETHUSDT,OversoldBounce,LONG,2026-01-25T16:00:00.000Z,2026-01-25T18:00:00.000Z,2898.43,2837.62,2839.04,2969.40,3041.83,STOP,-1.96,-2.18,2
ETHUSDT,OversoldBounce,LONG,2026-01-25T18:00:00.000Z,2026-01-25T20:00:00.000Z,2849.61,2789.83,2791.23,2919.39,2990.60,STOP,-1.96,-2.18,2
ETHUSDT,OversoldBounce,LONG,2026-01-25T20:00:00.000Z,2026-01-26T01:00:00.000Z,2811.12,2879.96,2753.53,2879.96,2950.21,TP1,2.13,2.37,5
ETHUSDT,BearishRally,SHORT,2026-01-27T16:00:00.000Z,2026-01-29T14:00:00.000Z,2989.31,2916.04,3047.50,2916.04,2841.27,TP1,2.13,2.37,46
ETHUSDT,OversoldBounce,LONG,2026-01-29T14:00:00.000Z,2026-01-29T15:00:00.000Z,2877.72,2817.35,2818.75,2948.19,3020.09,STOP,-1.96,-2.18,1
ETHUSDT,OversoldBounce,LONG,2026-01-29T15:00:00.000Z,2026-01-29T18:00:00.000Z,2825.73,2766.45,2767.83,2894.93,2965.54,STOP,-1.96,-2.18,3
ETHUSDT,OversoldBounce,LONG,2026-01-29T18:00:00.000Z,2026-01-30T01:00:00.000Z,2765.36,2707.35,2708.70,2833.08,2902.18,STOP,-1.96,-2.18,7
ETHUSDT,OversoldBounce,LONG,2026-01-30T01:00:00.000Z,2026-01-30T18:00:00.000Z,2748.52,2690.86,2692.21,2815.83,2884.51,STOP,-1.96,-2.18,17
ETHUSDT,OversoldBounce,LONG,2026-01-31T08:00:00.000Z,2026-01-31T14:00:00.000Z,2645.35,2589.85,2591.15,2710.13,2776.23,STOP,-1.96,-2.18,6
ETHUSDT,OversoldBounce,LONG,2026-01-31T14:00:00.000Z,2026-01-31T16:00:00.000Z,2539.96,2486.67,2487.92,2602.16,2665.62,STOP,-1.96,-2.18,2
ETHUSDT,OversoldBounce,LONG,2026-01-31T16:00:00.000Z,2026-01-31T17:00:00.000Z,2483.95,2431.84,2433.06,2544.78,2606.85,STOP,-1.96,-2.18,1
ETHUSDT,OversoldBounce,LONG,2026-01-31T17:00:00.000Z,2026-01-31T18:00:00.000Z,2404.59,2354.14,2355.32,2463.47,2523.56,STOP,-1.96,-2.18,1
ETHUSDT,OversoldBounce,LONG,2026-01-31T18:00:00.000Z,2026-01-31T23:00:00.000Z,2382.27,2440.61,2333.46,2440.61,2500.13,TP1,2.13,2.37,5
ETHUSDT,OversoldBounce,LONG,2026-01-31T23:00:00.000Z,2026-02-01T07:00:00.000Z,2453.18,2401.71,2402.91,2513.25,2574.55,STOP,-1.96,-2.18,8
ETHUSDT,OversoldBounce,LONG,2026-02-01T07:00:00.000Z,2026-02-01T14:00:00.000Z,2412.43,2361.81,2363.00,2471.50,2531.78,STOP,-1.96,-2.18,7
ETHUSDT,OversoldBounce,LONG,2026-02-01T15:00:00.000Z,2026-02-01T18:00:00.000Z,2316.55,2373.27,2269.08,2373.27,2431.16,TP1,2.13,2.37,3
ETHUSDT,OversoldBounce,LONG,2026-02-01T21:00:00.000Z,2026-02-01T23:00:00.000Z,2291.73,2243.65,2244.77,2347.84,2405.11,STOP,-1.96,-2.18,2
ETHUSDT,OversoldBounce,LONG,2026-02-02T03:00:00.000Z,2026-02-02T05:00:00.000Z,2240.14,2193.14,2194.24,2295.00,2350.97,STOP,-1.96,-2.18,2
ETHUSDT,OversoldBounce,LONG,2026-02-02T05:00:00.000Z,2026-02-02T07:00:00.000Z,2199.12,2252.97,2154.06,2252.97,2307.92,TP1,2.13,2.37,2
ETHUSDT,OversoldBounce,LONG,2026-02-03T18:00:00.000Z,2026-02-03T19:00:00.000Z,2121.71,2173.67,2078.24,2173.67,2226.68,TP1,2.13,2.37,1
ETHUSDT,OversoldBounce,LONG,2026-02-05T15:00:00.000Z,2026-02-05T16:00:00.000Z,1962.10,2010.15,1921.90,2010.15,2059.18,TP1,2.13,2.37,1
ETHUSDT,OversoldBounce,LONG,2026-02-05T17:00:00.000Z,2026-02-05T18:00:00.000Z,1956.07,1915.03,1915.99,2003.97,2052.84,STOP,-1.96,-2.18,1
ETHUSDT,OversoldBounce,LONG,2026-02-05T18:00:00.000Z,2026-02-05T20:00:00.000Z,1951.28,1910.34,1911.29,1999.06,2047.82,STOP,-1.96,-2.18,2
ETHUSDT,OversoldBounce,LONG,2026-02-05T20:00:00.000Z,2026-02-05T22:00:00.000Z,1870.52,1831.28,1832.20,1916.33,1963.07,STOP,-1.96,-2.18,2
ETHUSDT,OversoldBounce,LONG,2026-02-05T22:00:00.000Z,2026-02-05T23:00:00.000Z,1871.73,1832.46,1833.37,1917.56,1964.33,STOP,-1.96,-2.18,1
ETHUSDT,OversoldBounce,LONG,2026-02-05T23:00:00.000Z,2026-02-06T00:00:00.000Z,1827.74,1789.40,1790.29,1872.50,1918.17,STOP,-1.96,-2.18,1
ETHUSDT,OversoldBounce,LONG,2026-02-11T06:00:00.000Z,2026-02-11T14:00:00.000Z,1950.16,1997.92,1910.21,1997.92,2046.65,TP1,2.13,2.37,8
ETHUSDT,OversoldBounce,LONG,2026-02-11T15:00:00.000Z,2026-02-11T21:00:00.000Z,1930.42,1977.70,1890.87,1977.70,2025.93,TP1,2.13,2.37,6
ETHUSDT,BearishRally,SHORT,2026-02-13T16:00:00.000Z,2026-02-14T11:00:00.000Z,2060.40,2104.76,2103.71,2009.89,1958.36,STOP,-2.01,-2.23,19
ETHUSDT,BearishRally,SHORT,2026-02-14T12:00:00.000Z,2026-02-15T12:00:00.000Z,2069.93,2019.20,2103.49,2019.20,1967.42,TP1,2.13,2.37,24
ETHUSDT,OversoldBounce,LONG,2026-02-15T12:00:00.000Z,2026-02-15T17:00:00.000Z,2012.01,1969.79,1970.78,2061.27,2111.55,STOP,-1.96,-2.18,5
ETHUSDT,OversoldBounce,LONG,2026-02-15T17:00:00.000Z,2026-02-15T19:00:00.000Z,1972.29,1930.91,1931.87,2020.58,2069.87,STOP,-1.96,-2.18,2
ETHUSDT,OversoldBounce,LONG,2026-02-15T19:00:00.000Z,2026-02-16T09:00:00.000Z,1943.20,1990.79,1903.39,1990.79,2039.34,TP1,2.13,2.37,14
ETHUSDT,BearishRally,SHORT,2026-02-18T04:00:00.000Z,2026-02-18T19:00:00.000Z,1998.15,1949.17,2065.56,1949.17,1899.19,TP1,2.13,2.37,15
ETHUSDT,OversoldBounce,LONG,2026-02-19T13:00:00.000Z,2026-02-20T09:00:00.000Z,1922.36,1969.43,1882.97,1969.43,2017.47,TP1,2.13,2.37,20
ETHUSDT,BearishRally,SHORT,2026-02-20T18:00:00.000Z,2026-02-23T01:00:00.000Z,1974.57,1876.78,2034.56,1926.17,1876.78,TP2,4.39,4.87,55
ETHUSDT,OversoldBounce,LONG,2026-02-23T01:00:00.000Z,2026-02-23T09:00:00.000Z,1857.81,1903.30,1819.74,1903.30,1949.72,TP1,2.13,2.37,8
ETHUSDT,OversoldBounce,LONG,2026-02-24T03:00:00.000Z,2026-02-25T01:00:00.000Z,1832.95,1923.63,1795.39,1877.83,1923.63,TP2,4.38,4.87,22
ETHUSDT,BearishRally,SHORT,2026-02-25T01:00:00.000Z,2026-02-25T13:00:00.000Z,1917.38,1974.85,1973.86,1870.38,1822.42,STOP,-2.77,-3.08,12
ETHUSDT,BullishPullback,LONG,2026-02-26T16:00:00.000Z,2026-02-26T19:00:00.000Z,1984.79,2033.39,1922.97,2033.39,2082.99,TP1,2.13,2.37,3
ETHUSDT,BullishPullback,LONG,2026-02-27T10:00:00.000Z,2026-02-27T16:00:00.000Z,1981.79,1931.91,1932.88,2030.32,2079.84,STOP,-2.34,-2.60,6
ETHUSDT,OversoldBounce,LONG,2026-02-27T16:00:00.000Z,2026-02-27T22:00:00.000Z,1928.11,1887.66,1888.61,1975.33,2023.51,STOP,-1.96,-2.18,6
ETHUSDT,OversoldBounce,LONG,2026-02-27T22:00:00.000Z,2026-02-28T06:00:00.000Z,1922.36,1882.03,1882.97,1969.43,2017.47,STOP,-1.96,-2.18,8
ETHUSDT,OversoldBounce,LONG,2026-02-28T06:00:00.000Z,2026-02-28T13:00:00.000Z,1843.37,1888.51,1805.60,1888.51,1934.57,TP1,2.13,2.37,7
ETHUSDT,BearishRally,SHORT,2026-02-28T18:00:00.000Z,2026-03-01T01:00:00.000Z,1935.11,1995.35,1994.35,1887.68,1839.28,STOP,-2.87,-3.19,7
ETHUSDT,BearishRally,SHORT,2026-03-01T08:00:00.000Z,2026-03-01T13:00:00.000Z,1985.01,1999.99,1998.99,1936.35,1886.70,STOP,-0.75,-0.84,5
ETHUSDT,BullishPullback,LONG,2026-03-01T16:00:00.000Z,2026-03-01T20:00:00.000Z,1975.02,1921.74,1922.70,2023.38,2072.73,STOP,-2.50,-2.78,4
ETHUSDT,BullishPullback,LONG,2026-03-01T23:00:00.000Z,2026-03-02T01:00:00.000Z,1940.68,1988.20,1921.41,1988.20,2036.70,TP1,2.13,2.37,2
ETHUSDT,BullishPullback,LONG,2026-03-02T02:00:00.000Z,2026-03-02T08:00:00.000Z,1956.61,1920.43,1921.39,2004.52,2053.41,STOP,-1.74,-1.93,6
ETHUSDT,BearishRally,SHORT,2026-03-02T14:00:00.000Z,2026-03-02T15:00:00.000Z,1978.76,1999.99,1998.99,1930.26,1880.76,STOP,-1.04,-1.15,1
ETHUSDT,BullishPullback,LONG,2026-03-03T05:00:00.000Z,2026-03-03T14:00:00.000Z,1994.36,1929.18,1930.14,2043.19,2093.03,STOP,-3.01,-3.35,9
ETHUSDT,BullishPullback,LONG,2026-03-03T14:00:00.000Z,2026-03-03T16:00:00.000Z,1943.75,1991.35,1929.70,1991.35,2039.92,TP1,2.13,2.37,2
ETHUSDT,BullishPullback,LONG,2026-03-03T17:00:00.000Z,2026-03-04T08:00:00.000Z,1981.59,2030.11,1929.96,2030.11,2079.63,TP1,2.13,2.37,15
ETHUSDT,BullishPullback,LONG,2026-03-06T12:00:00.000Z,2026-03-06T14:00:00.000Z,2049.54,1981.53,1982.52,2099.73,2150.95,STOP,-3.06,-3.40,2
ETHUSDT,OversoldBounce,LONG,2026-03-06T14:00:00.000Z,2026-03-08T02:00:00.000Z,1982.54,1940.95,1941.92,2031.09,2080.63,STOP,-1.96,-2.18,36
ETHUSDT,OversoldBounce,LONG,2026-03-08T02:00:00.000Z,2026-03-09T03:00:00.000Z,1943.31,1990.90,1903.49,1990.90,2039.46,TP1,2.13,2.37,25
ETHUSDT,BearishRally,SHORT,2026-03-09T03:00:00.000Z,2026-03-09T16:00:00.000Z,1976.49,2036.51,2035.50,1928.04,1878.61,STOP,-2.81,-3.12,13
ETHUSDT,BearishRally,SHORT,2026-03-09T17:00:00.000Z,2026-03-09T19:00:00.000Z,2015.93,2037.70,2036.68,1966.52,1916.09,STOP,-1.04,-1.16,2
ETHUSDT,BearishRally,SHORT,2026-03-09T20:00:00.000Z,2026-03-10T02:00:00.000Z,2024.88,2038.52,2037.50,1975.24,1924.60,STOP,-0.68,-0.75,6
ETHUSDT,BearishRally,SHORT,2026-03-10T03:00:00.000Z,2026-03-10T04:00:00.000Z,2025.79,2039.96,2038.94,1976.13,1925.46,STOP,-0.70,-0.78,1
ETHUSDT,BullishPullback,LONG,2026-03-10T21:00:00.000Z,2026-03-11T13:00:00.000Z,2030.21,2079.93,1967.87,2079.93,2130.66,TP1,2.13,2.37,16
ETHUSDT,BullishPullback,LONG,2026-03-12T02:00:00.000Z,2026-03-12T10:00:00.000Z,2025.68,2075.29,1976.51,2075.29,2125.90,TP1,2.13,2.37,8
ETHUSDT,BullishPullback,LONG,2026-03-12T14:00:00.000Z,2026-03-13T00:00:00.000Z,2046.37,2147.62,1979.84,2096.48,2147.62,TP2,4.38,4.87,10
ETHUSDT,BullishPullback,LONG,2026-03-14T08:00:00.000Z,2026-03-15T20:00:00.000Z,2075.38,2126.20,2006.52,2126.20,2178.06,TP1,2.13,2.37,36
ETHUSDT,OversoldBounce,LONG,2026-03-18T12:00:00.000Z,2026-03-18T14:00:00.000Z,2238.61,2191.64,2192.74,2293.43,2349.36,STOP,-1.96,-2.18,2
ETHUSDT,BullishPullback,LONG,2026-03-18T14:00:00.000Z,2026-03-19T12:00:00.000Z,2191.37,2132.57,2133.63,2245.03,2299.78,STOP,-2.49,-2.76,22
ETHUSDT,OversoldBounce,LONG,2026-03-19T14:00:00.000Z,2026-03-20T08:00:00.000Z,2122.74,2174.72,2079.25,2174.72,2227.76,TP1,2.13,2.37,18
ETHUSDT,BullishPullback,LONG,2026-03-20T09:00:00.000Z,2026-03-20T13:00:00.000Z,2142.28,2126.90,2127.97,2194.74,2248.27,STOP,-0.72,-0.80,4
ETHUSDT,BearishRally,SHORT,2026-03-20T21:00:00.000Z,2026-03-21T23:00:00.000Z,2146.46,2093.84,2210.74,2093.84,2040.15,TP1,2.13,2.37,26
ETHUSDT,OversoldBounce,LONG,2026-03-21T23:00:00.000Z,2026-03-22T21:00:00.000Z,2085.91,2042.15,2043.17,2136.99,2189.11,STOP,-1.96,-2.18,22
ETHUSDT,OversoldBounce,LONG,2026-03-22T21:00:00.000Z,2026-03-23T11:00:00.000Z,2046.98,2148.26,2005.04,2097.11,2148.26,TP2,4.38,4.87,14
ETHUSDT,BearishRally,SHORT,2026-03-23T11:00:00.000Z,2026-03-23T13:00:00.000Z,2133.71,2180.00,2178.91,2081.41,2028.04,STOP,-2.02,-2.25,2
ETHUSDT,BearishRally,SHORT,2026-03-23T15:00:00.000Z,2026-03-25T08:00:00.000Z,2127.39,2180.94,2179.85,2075.24,2022.03,STOP,-2.34,-2.60,41
ETHUSDT,BullishPullback,LONG,2026-03-25T18:00:00.000Z,2026-03-26T09:00:00.000Z,2163.46,2100.80,2101.85,2216.44,2270.50,STOP,-2.68,-2.98,15
ETHUSDT,OversoldBounce,LONG,2026-03-26T09:00:00.000Z,2026-03-26T18:00:00.000Z,2083.68,2039.97,2040.99,2134.71,2186.77,STOP,-1.96,-2.18,9
ETHUSDT,OversoldBounce,LONG,2026-03-26T18:00:00.000Z,2026-03-27T10:00:00.000Z,2048.19,2005.22,2006.23,2098.35,2149.53,STOP,-1.96,-2.18,16
ETHUSDT,OversoldBounce,LONG,2026-03-27T10:00:00.000Z,2026-03-28T13:00:00.000Z,1992.67,2041.46,1951.84,2041.46,2091.25,TP1,2.13,2.37,27
ETHUSDT,BearishRally,SHORT,2026-03-30T04:00:00.000Z,2026-03-31T16:00:00.000Z,2047.37,2108.61,2107.55,1997.18,1945.97,STOP,-2.76,-3.07,36
ETHUSDT,BearishRally,SHORT,2026-03-31T16:00:00.000Z,2026-03-31T17:00:00.000Z,2090.65,2104.40,2103.35,2039.41,1987.11,STOP,-0.66,-0.74,1
ETHUSDT,BearishRally,SHORT,2026-04-01T01:00:00.000Z,2026-04-01T03:00:00.000Z,2091.90,2107.83,2106.77,2040.63,1988.30,STOP,-0.76,-0.84,2
ETHUSDT,BullishPullback,LONG,2026-04-02T01:00:00.000Z,2026-04-02T10:00:00.000Z,2101.08,2037.02,2038.04,2152.53,2205.03,STOP,-2.82,-3.13,9
ETHUSDT,OversoldBounce,LONG,2026-04-02T12:00:00.000Z,2026-04-03T12:00:00.000Z,2027.99,2077.65,1986.44,2077.65,2128.33,TP1,2.13,2.37,24
ETHUSDT,BearishRally,SHORT,2026-04-03T21:00:00.000Z,2026-04-05T23:00:00.000Z,2057.39,2113.10,2112.05,2006.96,1955.50,STOP,-2.51,-2.79,50
ETHUSDT,BullishPullback,LONG,2026-04-06T22:00:00.000Z,2026-04-07T22:00:00.000Z,2106.46,2210.68,2038.31,2158.05,2210.68,TP2,4.38,4.87,24
ETHUSDT,BullishPullback,LONG,2026-04-12T10:00:00.000Z,2026-04-13T19:00:00.000Z,2202.76,2256.70,2135.73,2256.70,2311.74,TP1,2.13,2.37,33
ETHUSDT,BullishPullback,LONG,2026-04-19T02:00:00.000Z,2026-04-19T22:00:00.000Z,2339.42,2265.17,2266.31,2396.71,2455.16,STOP,-2.93,-3.25,20
ETHUSDT,OversoldBounce,LONG,2026-04-19T22:00:00.000Z,2026-04-20T07:00:00.000Z,2270.92,2326.53,2224.39,2326.53,2383.28,TP1,2.13,2.37,9
ETHUSDT,BullishPullback,LONG,2026-04-20T07:00:00.000Z,2026-04-22T02:00:00.000Z,2299.95,2356.27,2263.88,2356.27,2413.74,TP1,2.13,2.37,43
ETHUSDT,BullishPullback,LONG,2026-04-23T02:00:00.000Z,2026-04-27T15:00:00.000Z,2353.14,2280.96,2282.10,2410.76,2469.56,STOP,-2.83,-3.15,109
ETHUSDT,OversoldBounce,LONG,2026-04-27T15:00:00.000Z,2026-04-29T04:00:00.000Z,2276.21,2331.95,2229.57,2331.95,2388.82,TP1,2.13,2.37,37
ETHUSDT,BearishRally,SHORT,2026-04-29T04:00:00.000Z,2026-04-29T15:00:00.000Z,2326.16,2269.14,2363.32,2269.14,2210.95,TP1,2.13,2.37,11
ETHUSDT,OversoldBounce,LONG,2026-04-29T18:00:00.000Z,2026-05-01T12:00:00.000Z,2240.53,2295.40,2194.62,2295.40,2351.38,TP1,2.13,2.37,42
ETHUSDT,BearishRally,SHORT,2026-05-01T12:00:00.000Z,2026-05-03T20:00:00.000Z,2300.21,2345.28,2344.11,2243.83,2186.29,STOP,-1.84,-2.04,56
ETHUSDT,BullishPullback,LONG,2026-05-04T00:00:00.000Z,2026-05-04T02:00:00.000Z,2320.16,2376.97,2258.57,2376.97,2434.95,TP1,2.13,2.37,2
ETHUSDT,BullishPullback,LONG,2026-05-04T10:00:00.000Z,2026-05-05T13:00:00.000Z,2339.53,2396.82,2264.42,2396.82,2455.28,TP1,2.13,2.37,27
ETHUSDT,BullishPullback,LONG,2026-05-06T14:00:00.000Z,2026-05-07T15:00:00.000Z,2360.41,2287.91,2289.05,2418.21,2477.19,STOP,-2.84,-3.15,25
ETHUSDT,OversoldBounce,LONG,2026-05-07T15:00:00.000Z,2026-05-10T17:00:00.000Z,2295.97,2352.19,2248.92,2352.19,2409.56,TP1,2.13,2.37,74
ETHUSDT,BullishPullback,LONG,2026-05-10T20:00:00.000Z,2026-05-12T13:00:00.000Z,2329.92,2277.32,2278.46,2386.98,2445.20,STOP,-2.10,-2.34,41
ETHUSDT,OversoldBounce,LONG,2026-05-12T13:00:00.000Z,2026-05-15T13:00:00.000Z,2273.13,2225.44,2226.55,2328.79,2385.59,STOP,-1.96,-2.18,72
ETHUSDT,OversoldBounce,LONG,2026-05-16T07:00:00.000Z,2026-05-17T23:00:00.000Z,2195.91,2149.84,2150.91,2249.68,2304.55,STOP,-1.96,-2.18,40
ETHUSDT,OversoldBounce,LONG,2026-05-17T23:00:00.000Z,2026-05-18T18:00:00.000Z,2132.07,2087.34,2088.38,2184.27,2237.55,STOP,-1.96,-2.18,19
ETHUSDT,OversoldBounce,LONG,2026-05-22T19:00:00.000Z,2026-05-23T07:00:00.000Z,2066.57,2023.22,2024.23,2117.18,2168.82,STOP,-1.96,-2.18,12
ETHUSDT,OversoldBounce,LONG,2026-05-23T07:00:00.000Z,2026-05-23T18:00:00.000Z,2029.60,2079.30,1988.02,2079.30,2130.02,TP1,2.13,2.37,11
ETHUSDT,BearishRally,SHORT,2026-05-23T20:00:00.000Z,2026-05-24T14:00:00.000Z,2145.23,2092.64,2185.03,2092.64,2038.99,TP1,2.13,2.37,18
ETHUSDT,BearishRally,SHORT,2026-05-25T04:00:00.000Z,2026-05-27T13:00:00.000Z,2104.78,2053.18,2175.63,2053.18,2000.54,TP1,2.13,2.37,57
ETHUSDT,OversoldBounce,LONG,2026-05-27T21:00:00.000Z,2026-05-28T03:00:00.000Z,2022.05,1979.63,1980.62,2071.57,2122.09,STOP,-1.96,-2.18,6
ETHUSDT,OversoldBounce,LONG,2026-05-28T03:00:00.000Z,2026-05-29T15:00:00.000Z,1982.54,2031.09,1941.92,2031.09,2080.63,TP1,2.13,2.37,36
ETHUSDT,BearishRally,SHORT,2026-05-31T02:00:00.000Z,2026-06-01T06:00:00.000Z,2033.34,1983.50,2100.81,1983.50,1932.64,TP1,2.13,2.37,28
ETHUSDT,OversoldBounce,LONG,2026-06-02T14:00:00.000Z,2026-06-02T15:00:00.000Z,1942.33,1901.58,1902.53,1989.89,2038.43,STOP,-1.96,-2.18,1
ETHUSDT,OversoldBounce,LONG,2026-06-02T15:00:00.000Z,2026-06-02T22:00:00.000Z,1915.77,1875.58,1876.51,1962.68,2010.55,STOP,-1.96,-2.18,7
ETHUSDT,OversoldBounce,LONG,2026-06-02T22:00:00.000Z,2026-06-03T03:00:00.000Z,1869.70,1830.48,1831.39,1915.49,1962.21,STOP,-1.96,-2.18,5
ETHUSDT,OversoldBounce,LONG,2026-06-03T03:00:00.000Z,2026-06-03T05:00:00.000Z,1829.15,1873.95,1791.68,1873.95,1919.65,TP1,2.13,2.37,2
ETHUSDT,OversoldBounce,LONG,2026-06-03T15:00:00.000Z,2026-06-03T19:00:00.000Z,1838.13,1799.57,1800.47,1883.14,1929.07,STOP,-1.96,-2.18,4
ETHUSDT,OversoldBounce,LONG,2026-06-03T19:00:00.000Z,2026-06-03T21:00:00.000Z,1804.31,1848.50,1767.34,1848.50,1893.58,TP1,2.13,2.37,2
ETHUSDT,OversoldBounce,LONG,2026-06-05T05:00:00.000Z,2026-06-05T06:00:00.000Z,1685.00,1649.65,1650.48,1726.26,1768.37,STOP,-1.96,-2.18,1
ETHUSDT,OversoldBounce,LONG,2026-06-05T06:00:00.000Z,2026-06-05T13:00:00.000Z,1657.35,1622.58,1623.39,1697.93,1739.35,STOP,-1.96,-2.18,7
ETHUSDT,OversoldBounce,LONG,2026-06-05T13:00:00.000Z,2026-06-05T15:00:00.000Z,1615.85,1581.95,1582.74,1655.42,1695.79,STOP,-1.96,-2.18,2
ETHUSDT,OversoldBounce,LONG,2026-06-05T15:00:00.000Z,2026-06-05T16:00:00.000Z,1584.08,1550.85,1551.62,1622.87,1662.45,STOP,-1.96,-2.18,1
ETHUSDT,OversoldBounce,LONG,2026-06-05T17:00:00.000Z,2026-06-05T18:00:00.000Z,1595.08,1561.61,1562.39,1634.14,1673.99,STOP,-1.96,-2.18,1
ETHUSDT,OversoldBounce,LONG,2026-06-05T18:00:00.000Z,2026-06-05T20:00:00.000Z,1554.04,1592.09,1522.19,1592.09,1630.92,TP1,2.13,2.37,2
ETHUSDT,OversoldBounce,LONG,2026-06-06T04:00:00.000Z,2026-06-06T05:00:00.000Z,1523.32,1560.62,1492.11,1560.62,1598.69,TP1,2.13,2.37,1
ETHUSDT,BearishRally,SHORT,2026-06-11T17:00:00.000Z,2026-06-15T10:00:00.000Z,1687.82,1736.10,1735.24,1646.44,1604.23,STOP,-2.65,-2.94,89
ETHUSDT,BullishPullback,LONG,2026-06-17T19:00:00.000Z,2026-06-18T15:00:00.000Z,1735.59,1697.19,1698.04,1778.09,1821.46,STOP,-2.06,-2.29,20
ETHUSDT,OversoldBounce,LONG,2026-06-18T15:00:00.000Z,2026-06-20T05:00:00.000Z,1683.07,1724.29,1648.59,1724.29,1766.34,TP1,2.13,2.37,38
ETHUSDT,BearishRally,SHORT,2026-06-20T05:00:00.000Z,2026-06-22T01:00:00.000Z,1725.24,1759.73,1758.85,1682.95,1639.79,STOP,-1.87,-2.08,44
ETHUSDT,BullishPullback,LONG,2026-06-22T16:00:00.000Z,2026-06-23T06:00:00.000Z,1740.97,1693.87,1694.72,1783.60,1827.11,STOP,-2.51,-2.79,14
ETHUSDT,OversoldBounce,LONG,2026-06-23T06:00:00.000Z,2026-06-23T08:00:00.000Z,1693.14,1657.61,1658.44,1734.60,1776.90,STOP,-1.96,-2.18,2
ETHUSDT,OversoldBounce,LONG,2026-06-23T08:00:00.000Z,2026-06-24T11:00:00.000Z,1649.30,1689.69,1615.51,1689.69,1730.90,TP1,2.13,2.37,27
ETHUSDT,OversoldBounce,LONG,2026-06-24T15:00:00.000Z,2026-06-24T16:00:00.000Z,1618.89,1584.93,1585.72,1658.53,1698.98,STOP,-1.96,-2.18,1
ETHUSDT,OversoldBounce,LONG,2026-06-24T16:00:00.000Z,2026-06-24T17:00:00.000Z,1590.66,1557.29,1558.07,1629.62,1669.36,STOP,-1.96,-2.18,1
ETHUSDT,OversoldBounce,LONG,2026-06-24T17:00:00.000Z,2026-06-24T20:00:00.000Z,1561.44,1599.68,1529.45,1599.68,1638.69,TP1,2.13,2.37,3
ETHUSDT,OversoldBounce,LONG,2026-06-25T13:00:00.000Z,2026-06-25T14:00:00.000Z,1538.92,1576.60,1507.39,1576.60,1615.06,TP1,2.13,2.37,1
SOLUSDT,BullishPullback,LONG,2026-01-08T09:00:00.000Z,2026-01-08T16:00:00.000Z,134.54,137.83,130.04,137.83,141.19,TP1,2.13,2.37,7
SOLUSDT,BullishPullback,LONG,2026-01-09T19:00:00.000Z,2026-01-11T14:00:00.000Z,135.88,139.21,131.54,139.21,142.60,TP1,2.13,2.37,43
SOLUSDT,BullishPullback,LONG,2026-01-13T02:00:00.000Z,2026-01-13T08:00:00.000Z,138.45,141.84,133.86,141.84,145.30,TP1,2.13,2.37,6
SOLUSDT,BullishPullback,LONG,2026-01-15T18:00:00.000Z,2026-01-16T21:00:00.000Z,141.64,145.11,137.47,145.11,148.65,TP1,2.13,2.37,27
SOLUSDT,BullishPullback,LONG,2026-01-18T00:00:00.000Z,2026-01-18T23:00:00.000Z,143.30,138.75,138.82,146.81,150.39,STOP,-2.93,-3.25,23
SOLUSDT,OversoldBounce,LONG,2026-01-18T23:00:00.000Z,2026-01-19T00:00:00.000Z,137.94,135.05,135.11,141.32,144.76,STOP,-1.96,-2.18,1
SOLUSDT,OversoldBounce,LONG,2026-01-19T00:00:00.000Z,2026-01-20T06:00:00.000Z,133.84,131.03,131.09,137.11,140.46,STOP,-1.96,-2.18,30
SOLUSDT,OversoldBounce,LONG,2026-01-20T06:00:00.000Z,2026-01-20T08:00:00.000Z,131.30,128.54,128.61,134.51,137.79,STOP,-1.96,-2.18,2
SOLUSDT,OversoldBounce,LONG,2026-01-20T08:00:00.000Z,2026-01-20T16:00:00.000Z,129.15,126.44,126.51,132.32,135.54,STOP,-1.96,-2.18,8
SOLUSDT,OversoldBounce,LONG,2026-01-20T16:00:00.000Z,2026-01-21T15:00:00.000Z,127.13,130.25,124.53,130.25,133.42,TP1,2.13,2.37,23
SOLUSDT,OversoldBounce,LONG,2026-01-25T16:00:00.000Z,2026-01-25T19:00:00.000Z,122.84,120.26,120.32,125.85,128.92,STOP,-1.96,-2.18,3
SOLUSDT,OversoldBounce,LONG,2026-01-25T19:00:00.000Z,2026-01-26T01:00:00.000Z,118.02,120.91,115.60,120.91,123.86,TP1,2.13,2.37,6
SOLUSDT,BearishRally,SHORT,2026-01-27T20:00:00.000Z,2026-01-29T01:00:00.000Z,127.30,124.18,130.46,124.18,120.99,TP1,2.13,2.37,29
SOLUSDT,OversoldBounce,LONG,2026-01-29T03:00:00.000Z,2026-01-29T14:00:00.000Z,123.13,120.55,120.61,126.15,129.22,STOP,-1.96,-2.18,11
SOLUSDT,OversoldBounce,LONG,2026-01-29T14:00:00.000Z,2026-01-29T15:00:00.000Z,120.43,117.90,117.96,123.38,126.39,STOP,-1.96,-2.18,1
SOLUSDT,OversoldBounce,LONG,2026-01-29T15:00:00.000Z,2026-01-30T01:00:00.000Z,117.75,115.28,115.34,120.63,123.57,STOP,-1.96,-2.18,10
SOLUSDT,OversoldBounce,LONG,2026-01-30T01:00:00.000Z,2026-01-30T02:00:00.000Z,115.28,112.86,112.92,118.10,120.98,STOP,-1.96,-2.18,1
SOLUSDT,OversoldBounce,LONG,2026-01-30T02:00:00.000Z,2026-01-30T11:00:00.000Z,114.18,116.97,111.84,116.97,119.83,TP1,2.13,2.37,9
SOLUSDT,OversoldBounce,LONG,2026-01-31T14:00:00.000Z,2026-01-31T16:00:00.000Z,109.19,106.90,106.96,111.87,114.60,STOP,-1.96,-2.18,2
SOLUSDT,OversoldBounce,LONG,2026-01-31T16:00:00.000Z,2026-01-31T17:00:00.000Z,106.33,104.10,104.15,108.94,111.59,STOP,-1.96,-2.18,1
SOLUSDT,OversoldBounce,LONG,2026-01-31T17:00:00.000Z,2026-01-31T18:00:00.000Z,103.36,101.19,101.24,105.89,108.48,STOP,-1.96,-2.18,1
SOLUSDT,OversoldBounce,LONG,2026-01-31T18:00:00.000Z,2026-01-31T23:00:00.000Z,102.01,104.51,99.92,104.51,107.06,TP1,2.13,2.37,5
SOLUSDT,OversoldBounce,LONG,2026-02-01T15:00:00.000Z,2026-02-01T18:00:00.000Z,101.74,104.23,99.66,104.23,106.77,TP1,2.13,2.37,3
SOLUSDT,OversoldBounce,LONG,2026-02-03T18:00:00.000Z,2026-02-03T19:00:00.000Z,96.89,99.26,94.90,99.26,101.68,TP1,2.13,2.37,1
SOLUSDT,OversoldBounce,LONG,2026-02-04T14:00:00.000Z,2026-02-04T16:00:00.000Z,93.18,91.22,91.27,95.46,97.79,STOP,-1.96,-2.18,2
SOLUSDT,OversoldBounce,LONG,2026-02-04T16:00:00.000Z,2026-02-04T17:00:00.000Z,92.02,90.09,90.13,94.27,96.57,STOP,-1.96,-2.18,1
SOLUSDT,OversoldBounce,LONG,2026-02-04T17:00:00.000Z,2026-02-04T19:00:00.000Z,91.49,93.73,89.61,93.73,96.01,TP1,2.13,2.37,2
SOLUSDT,OversoldBounce,LONG,2026-02-05T15:00:00.000Z,2026-02-05T17:00:00.000Z,84.65,82.88,82.92,86.73,88.84,STOP,-1.96,-2.18,2
SOLUSDT,OversoldBounce,LONG,2026-02-05T17:00:00.000Z,2026-02-05T20:00:00.000Z,82.74,81.01,81.05,84.77,86.84,STOP,-1.96,-2.18,3
SOLUSDT,OversoldBounce,LONG,2026-02-05T20:00:00.000Z,2026-02-05T21:00:00.000Z,78.88,80.81,77.26,80.81,82.78,TP1,2.13,2.37,1
SOLUSDT,OversoldBounce,LONG,2026-02-05T21:00:00.000Z,2026-02-05T23:00:00.000Z,79.04,80.97,77.42,80.97,82.95,TP1,2.13,2.37,2
SOLUSDT,OversoldBounce,LONG,2026-02-05T23:00:00.000Z,2026-02-06T00:00:00.000Z,78.39,76.74,76.78,80.31,82.27,STOP,-1.96,-2.18,1
SOLUSDT,OversoldBounce,LONG,2026-02-06T00:00:00.000Z,2026-02-06T01:00:00.000Z,75.55,79.29,74.00,77.40,79.29,TP2,4.38,4.87,1
SOLUSDT,OversoldBounce,LONG,2026-02-11T06:00:00.000Z,2026-02-11T14:00:00.000Z,80.91,82.89,79.25,82.89,84.91,TP1,2.13,2.37,8
SOLUSDT,OversoldBounce,LONG,2026-02-11T16:00:00.000Z,2026-02-11T21:00:00.000Z,78.78,80.71,77.17,80.71,82.68,TP1,2.13,2.37,5
SOLUSDT,OversoldBounce,LONG,2026-02-12T20:00:00.000Z,2026-02-13T02:00:00.000Z,76.96,78.84,75.38,78.84,80.77,TP1,2.13,2.37,6
SOLUSDT,BearishRally,SHORT,2026-02-13T18:00:00.000Z,2026-02-14T15:00:00.000Z,85.36,87.59,87.54,83.27,81.13,STOP,-2.42,-2.69,21
SOLUSDT,BullishPullback,LONG,2026-02-15T12:00:00.000Z,2026-02-16T05:00:00.000Z,87.35,84.57,84.61,89.49,91.68,STOP,-2.94,-3.27,17
SOLUSDT,BearishRally,SHORT,2026-02-16T12:00:00.000Z,2026-02-16T13:00:00.000Z,86.16,84.05,87.98,84.05,81.89,TP1,2.13,2.37,1
SOLUSDT,BearishRally,SHORT,2026-02-16T20:00:00.000Z,2026-02-17T14:00:00.000Z,85.33,83.24,87.83,83.24,81.10,TP1,2.13,2.37,18
SOLUSDT,BearishRally,SHORT,2026-02-17T21:00:00.000Z,2026-02-18T11:00:00.000Z,85.18,83.09,87.68,83.09,80.96,TP1,2.13,2.37,14
SOLUSDT,OversoldBounce,LONG,2026-02-18T18:00:00.000Z,2026-02-19T13:00:00.000Z,81.32,79.61,79.65,83.31,85.34,STOP,-1.96,-2.18,19
SOLUSDT,BearishRally,SHORT,2026-02-20T06:00:00.000Z,2026-02-21T14:00:00.000Z,83.67,86.19,86.14,81.62,79.52,STOP,-2.78,-3.09,32
SOLUSDT,BearishRally,SHORT,2026-02-21T20:00:00.000Z,2026-02-22T15:00:00.000Z,85.44,83.34,86.26,83.34,81.21,TP1,2.13,2.37,19
SOLUSDT,BullishPullback,LONG,2026-02-22T15:00:00.000Z,2026-02-22T17:00:00.000Z,83.54,82.90,82.94,85.59,87.67,STOP,-0.77,-0.85,2
SOLUSDT,OversoldBounce,LONG,2026-02-22T17:00:00.000Z,2026-02-23T00:00:00.000Z,83.10,81.36,81.40,85.14,87.21,STOP,-1.96,-2.18,7
SOLUSDT,OversoldBounce,LONG,2026-02-23T00:00:00.000Z,2026-02-23T01:00:00.000Z,81.41,79.70,79.74,83.40,85.44,STOP,-1.96,-2.18,1
SOLUSDT,OversoldBounce,LONG,2026-02-23T01:00:00.000Z,2026-02-23T09:00:00.000Z,78.02,79.93,76.42,79.93,81.88,TP1,2.13,2.37,8
SOLUSDT,OversoldBounce,LONG,2026-02-24T05:00:00.000Z,2026-02-24T20:00:00.000Z,76.68,78.56,75.11,78.56,80.47,TP1,2.13,2.37,15
SOLUSDT,BearishRally,SHORT,2026-02-25T01:00:00.000Z,2026-02-25T12:00:00.000Z,81.96,83.76,83.72,79.95,77.90,STOP,-2.05,-2.28,11
SOLUSDT,BullishPullback,LONG,2026-02-26T16:00:00.000Z,2026-02-26T20:00:00.000Z,84.62,86.69,81.79,86.69,88.81,TP1,2.13,2.37,4
SOLUSDT,BullishPullback,LONG,2026-02-27T10:00:00.000Z,2026-02-27T13:00:00.000Z,84.75,82.23,82.27,86.83,88.95,STOP,-2.76,-3.06,3
SOLUSDT,BullishPullback,LONG,2026-02-27T13:00:00.000Z,2026-02-27T14:00:00.000Z,83.12,82.21,82.25,85.16,87.23,STOP,-1.06,-1.18,1
SOLUSDT,OversoldBounce,LONG,2026-02-27T14:00:00.000Z,2026-02-27T22:00:00.000Z,82.43,80.70,80.74,84.45,86.51,STOP,-1.96,-2.18,8
SOLUSDT,OversoldBounce,LONG,2026-02-28T06:00:00.000Z,2026-02-28T07:00:00.000Z,77.60,79.50,76.01,79.50,81.44,TP1,2.13,2.37,1
SOLUSDT,OversoldBounce,LONG,2026-02-28T07:00:00.000Z,2026-02-28T13:00:00.000Z,78.75,80.68,77.14,80.68,82.65,TP1,2.13,2.37,6
SOLUSDT,BearishRally,SHORT,2026-02-28T18:00:00.000Z,2026-02-28T20:00:00.000Z,82.32,84.84,84.80,80.30,78.24,STOP,-2.83,-3.15,2
SOLUSDT,BearishRally,SHORT,2026-02-28T22:00:00.000Z,2026-03-01T00:00:00.000Z,84.25,84.88,84.83,82.18,80.08,STOP,-0.74,-0.83,2
SOLUSDT,BullishPullback,LONG,2026-03-01T16:00:00.000Z,2026-03-01T20:00:00.000Z,84.04,81.91,81.95,86.10,88.20,STOP,-2.35,-2.62,4
SOLUSDT,BullishPullback,LONG,2026-03-01T21:00:00.000Z,2026-03-02T00:00:00.000Z,82.98,85.01,81.93,85.01,87.09,TP1,2.13,2.37,3
SOLUSDT,BullishPullback,LONG,2026-03-02T02:00:00.000Z,2026-03-02T15:00:00.000Z,84.19,88.36,81.95,86.25,88.36,TP2,4.38,4.87,13
SOLUSDT,BullishPullback,LONG,2026-03-03T08:00:00.000Z,2026-03-03T16:00:00.000Z,84.30,86.37,82.49,86.37,88.47,TP1,2.13,2.37,8
SOLUSDT,BullishPullback,LONG,2026-03-03T19:00:00.000Z,2026-03-03T23:00:00.000Z,85.12,87.21,82.52,87.21,89.33,TP1,2.13,2.37,4
SOLUSDT,BullishPullback,LONG,2026-03-04T04:00:00.000Z,2026-03-04T08:00:00.000Z,85.45,89.68,82.69,87.55,89.68,TP2,4.38,4.87,4
SOLUSDT,BullishPullback,LONG,2026-03-06T09:00:00.000Z,2026-03-06T14:00:00.000Z,87.54,84.83,84.88,89.69,91.88,STOP,-2.86,-3.17,5
SOLUSDT,OversoldBounce,LONG,2026-03-06T14:00:00.000Z,2026-03-07T19:00:00.000Z,84.38,82.61,82.65,86.45,88.56,STOP,-1.96,-2.18,29
SOLUSDT,OversoldBounce,LONG,2026-03-07T19:00:00.000Z,2026-03-08T22:00:00.000Z,82.57,80.84,80.88,84.59,86.66,STOP,-1.96,-2.18,27
SOLUSDT,BearishRally,SHORT,2026-03-09T05:00:00.000Z,2026-03-09T19:00:00.000Z,84.23,86.77,86.73,82.16,80.06,STOP,-2.79,-3.10,14
SOLUSDT,BearishRally,SHORT,2026-03-09T19:00:00.000Z,2026-03-10T02:00:00.000Z,85.93,86.70,86.66,83.82,81.67,STOP,-0.88,-0.98,7
SOLUSDT,BearishRally,SHORT,2026-03-10T03:00:00.000Z,2026-03-10T05:00:00.000Z,85.51,86.76,86.72,83.41,81.27,STOP,-1.39,-1.55,2
SOLUSDT,BearishRally,SHORT,2026-03-10T13:00:00.000Z,2026-03-10T14:00:00.000Z,86.04,86.92,86.88,83.93,81.78,STOP,-1.00,-1.11,1
SOLUSDT,BullishPullback,LONG,2026-03-10T18:00:00.000Z,2026-03-13T00:00:00.000Z,86.29,90.56,83.60,88.41,90.56,TP2,4.38,4.87,54
SOLUSDT,BullishPullback,LONG,2026-03-14T06:00:00.000Z,2026-03-15T21:00:00.000Z,87.29,89.43,84.84,89.43,91.61,TP1,2.13,2.37,39
SOLUSDT,BullishPullback,LONG,2026-03-18T12:00:00.000Z,2026-03-19T12:00:00.000Z,90.48,88.44,88.49,92.69,94.95,STOP,-2.09,-2.32,24
SOLUSDT,BullishPullback,LONG,2026-03-19T19:00:00.000Z,2026-03-20T17:00:00.000Z,88.76,88.20,88.24,90.94,93.16,STOP,-0.65,-0.72,22
SOLUSDT,BearishRally,SHORT,2026-03-20T21:00:00.000Z,2026-03-21T23:00:00.000Z,89.56,87.36,91.63,87.36,85.12,TP1,2.13,2.37,26
SOLUSDT,OversoldBounce,LONG,2026-03-21T23:00:00.000Z,2026-03-22T21:00:00.000Z,87.60,85.77,85.81,89.75,91.94,STOP,-1.96,-2.18,22
SOLUSDT,OversoldBounce,LONG,2026-03-22T21:00:00.000Z,2026-03-23T11:00:00.000Z,86.03,90.29,84.27,88.14,90.29,TP2,4.38,4.87,14
SOLUSDT,BearishRally,SHORT,2026-03-23T11:00:00.000Z,2026-03-23T13:00:00.000Z,88.74,90.82,90.77,86.56,84.34,STOP,-2.18,-2.43,2
SOLUSDT,BearishRally,SHORT,2026-03-23T15:00:00.000Z,2026-03-23T17:00:00.000Z,89.91,90.89,90.84,87.70,85.45,STOP,-1.06,-1.17,2
SOLUSDT,BearishRally,SHORT,2026-03-24T01:00:00.000Z,2026-03-24T07:00:00.000Z,90.36,91.10,91.06,88.15,85.89,STOP,-0.80,-0.89,6
SOLUSDT,BullishPullback,LONG,2026-03-24T13:00:00.000Z,2026-03-25T04:00:00.000Z,89.90,92.11,87.68,92.11,94.35,TP1,2.13,2.37,15
SOLUSDT,BullishPullback,LONG,2026-03-26T02:00:00.000Z,2026-03-26T09:00:00.000Z,91.01,88.22,88.26,93.23,95.51,STOP,-2.83,-3.15,7
SOLUSDT,OversoldBounce,LONG,2026-03-26T09:00:00.000Z,2026-03-26T18:00:00.000Z,88.16,86.31,86.36,90.32,92.53,STOP,-1.96,-2.18,9
SOLUSDT,OversoldBounce,LONG,2026-03-26T18:00:00.000Z,2026-03-27T10:00:00.000Z,86.10,84.30,84.34,88.21,90.36,STOP,-1.96,-2.18,16
SOLUSDT,OversoldBounce,LONG,2026-03-27T10:00:00.000Z,2026-03-29T17:00:00.000Z,83.06,81.32,81.36,85.10,87.17,STOP,-1.96,-2.18,55
SOLUSDT,BearishRally,SHORT,2026-04-01T05:00:00.000Z,2026-04-01T17:00:00.000Z,84.10,86.58,86.54,82.04,79.93,STOP,-2.73,-3.04,12
SOLUSDT,BearishRally,SHORT,2026-04-01T17:00:00.000Z,2026-04-01T20:00:00.000Z,84.40,82.33,86.41,82.33,80.22,TP1,2.13,2.37,3
SOLUSDT,OversoldBounce,LONG,2026-04-02T02:00:00.000Z,2026-04-02T13:00:00.000Z,78.91,77.25,77.29,80.84,82.81,STOP,-1.96,-2.18,11
SOLUSDT,OversoldBounce,LONG,2026-04-02T13:00:00.000Z,2026-04-02T14:00:00.000Z,77.78,79.68,76.19,79.68,81.63,TP1,2.13,2.37,1
SOLUSDT,OversoldBounce,LONG,2026-04-05T12:00:00.000Z,2026-04-05T23:00:00.000Z,79.04,80.97,77.42,80.97,82.95,TP1,2.13,2.37,11
SOLUSDT,BearishRally,SHORT,2026-04-05T23:00:00.000Z,2026-04-06T23:00:00.000Z,81.85,79.84,83.35,79.84,77.80,TP1,2.13,2.37,24
SOLUSDT,BearishRally,SHORT,2026-04-07T19:00:00.000Z,2026-04-07T21:00:00.000Z,81.59,83.04,83.00,79.59,77.55,STOP,-1.67,-1.86,2
SOLUSDT,BullishPullback,LONG,2026-04-08T14:00:00.000Z,2026-04-09T22:00:00.000Z,82.94,84.97,80.24,84.97,87.05,TP1,2.13,2.37,32
SOLUSDT,BullishPullback,LONG,2026-04-10T00:00:00.000Z,2026-04-10T14:00:00.000Z,83.17,85.21,80.56,85.21,87.29,TP1,2.13,2.37,14
SOLUSDT,BullishPullback,LONG,2026-04-12T01:00:00.000Z,2026-04-12T14:00:00.000Z,82.35,81.35,81.40,84.37,86.43,STOP,-1.16,-1.29,13
SOLUSDT,OversoldBounce,LONG,2026-04-12T14:00:00.000Z,2026-04-13T13:00:00.000Z,81.60,83.60,79.93,83.60,85.64,TP1,2.13,2.37,23
SOLUSDT,BearishRally,SHORT,2026-04-13T13:00:00.000Z,2026-04-13T22:00:00.000Z,83.56,84.48,84.44,81.51,79.42,STOP,-1.06,-1.18,9
SOLUSDT,BullishPullback,LONG,2026-04-14T18:00:00.000Z,2026-04-16T13:00:00.000Z,84.12,86.18,81.74,86.18,88.28,TP1,2.13,2.37,43
SOLUSDT,BullishPullback,LONG,2026-04-16T13:00:00.000Z,2026-04-16T15:00:00.000Z,84.83,86.91,82.08,86.91,89.03,TP1,2.13,2.37,2
SOLUSDT,BullishPullback,LONG,2026-04-18T11:00:00.000Z,2026-04-19T22:00:00.000Z,86.57,83.75,83.79,88.69,90.86,STOP,-3.01,-3.35,35
SOLUSDT,OversoldBounce,LONG,2026-04-19T22:00:00.000Z,2026-04-20T15:00:00.000Z,83.81,85.86,82.09,85.86,87.96,TP1,2.13,2.37,17
SOLUSDT,BullishPullback,LONG,2026-04-20T23:00:00.000Z,2026-04-22T02:00:00.000Z,85.32,87.41,83.73,87.41,89.54,TP1,2.13,2.37,27
SOLUSDT,BullishPullback,LONG,2026-04-22T23:00:00.000Z,2026-04-27T15:00:00.000Z,86.91,84.19,84.24,89.04,91.21,STOP,-2.89,-3.21,112
SOLUSDT,OversoldBounce,LONG,2026-04-27T15:00:00.000Z,2026-04-29T18:00:00.000Z,84.21,82.45,82.49,86.27,88.38,STOP,-1.96,-2.18,51
SOLUSDT,OversoldBounce,LONG,2026-04-29T18:00:00.000Z,2026-05-01T03:00:00.000Z,82.34,84.36,80.65,84.36,86.42,TP1,2.13,2.37,33
SOLUSDT,BearishRally,SHORT,2026-05-01T03:00:00.000Z,2026-05-05T19:00:00.000Z,83.85,86.41,86.37,81.79,79.70,STOP,-2.82,-3.14,112
SOLUSDT,BullishPullback,LONG,2026-05-13T12:00:00.000Z,2026-05-13T15:00:00.000Z,93.21,90.38,90.43,95.49,97.82,STOP,-2.80,-3.11,3
SOLUSDT,OversoldBounce,LONG,2026-05-13T15:00:00.000Z,2026-05-14T15:00:00.000Z,90.48,92.69,88.62,92.69,94.95,TP1,2.13,2.37,24
SOLUSDT,BullishPullback,LONG,2026-05-14T23:00:00.000Z,2026-05-15T13:00:00.000Z,92.20,90.18,90.23,94.45,96.76,STOP,-2.04,-2.26,14
SOLUSDT,OversoldBounce,LONG,2026-05-16T06:00:00.000Z,2026-05-16T09:00:00.000Z,88.05,86.21,86.25,90.21,92.41,STOP,-1.96,-2.18,3
SOLUSDT,OversoldBounce,LONG,2026-05-16T09:00:00.000Z,2026-05-17T23:00:00.000Z,86.09,84.29,84.33,88.20,90.35,STOP,-1.96,-2.18,38
SOLUSDT,OversoldBounce,LONG,2026-05-18T01:00:00.000Z,2026-05-21T04:00:00.000Z,85.02,87.10,83.28,87.10,89.23,TP1,2.13,2.37,75
SOLUSDT,BearishRally,SHORT,2026-05-21T04:00:00.000Z,2026-05-22T18:00:00.000Z,86.94,84.81,89.07,84.81,82.63,TP1,2.13,2.37,38
SOLUSDT,OversoldBounce,LONG,2026-05-22T19:00:00.000Z,2026-05-23T07:00:00.000Z,84.59,82.82,82.86,86.66,88.78,STOP,-1.96,-2.18,12
SOLUSDT,OversoldBounce,LONG,2026-05-23T07:00:00.000Z,2026-05-23T14:00:00.000Z,82.29,84.31,80.61,84.31,86.36,TP1,2.13,2.37,7
SOLUSDT,BearishRally,SHORT,2026-05-23T20:00:00.000Z,2026-05-24T14:00:00.000Z,87.04,84.90,88.18,84.90,82.73,TP1,2.13,2.37,18
SOLUSDT,BearishRally,SHORT,2026-05-25T00:00:00.000Z,2026-05-26T17:00:00.000Z,85.46,83.36,88.00,83.36,81.22,TP1,2.13,2.37,41
SOLUSDT,BearishRally,SHORT,2026-05-27T15:00:00.000Z,2026-05-27T21:00:00.000Z,84.40,82.33,87.22,82.33,80.22,TP1,2.13,2.37,6
SOLUSDT,OversoldBounce,LONG,2026-05-28T03:00:00.000Z,2026-05-28T18:00:00.000Z,80.74,82.72,79.09,82.72,84.74,TP1,2.13,2.37,15
SOLUSDT,BearishRally,SHORT,2026-05-30T02:00:00.000Z,2026-06-01T07:00:00.000Z,82.94,80.91,85.65,80.91,78.83,TP1,2.13,2.37,53
SOLUSDT,OversoldBounce,LONG,2026-06-01T13:00:00.000Z,2026-06-02T14:00:00.000Z,79.88,78.20,78.24,81.84,83.83,STOP,-1.96,-2.18,25
SOLUSDT,OversoldBounce,LONG,2026-06-02T14:00:00.000Z,2026-06-02T15:00:00.000Z,77.48,75.85,75.89,79.38,81.31,STOP,-1.96,-2.18,1
SOLUSDT,OversoldBounce,LONG,2026-06-02T15:00:00.000Z,2026-06-02T19:00:00.000Z,76.42,74.81,74.85,78.29,80.20,STOP,-1.96,-2.18,4
SOLUSDT,OversoldBounce,LONG,2026-06-02T19:00:00.000Z,2026-06-02T22:00:00.000Z,75.57,73.98,74.02,77.42,79.31,STOP,-1.96,-2.18,3
SOLUSDT,OversoldBounce,LONG,2026-06-02T22:00:00.000Z,2026-06-03T10:00:00.000Z,73.71,75.51,72.20,75.51,77.35,TP1,2.13,2.37,12
SOLUSDT,OversoldBounce,LONG,2026-06-03T19:00:00.000Z,2026-06-04T00:00:00.000Z,72.03,70.51,70.55,73.79,75.59,STOP,-1.96,-2.18,5
SOLUSDT,OversoldBounce,LONG,2026-06-04T01:00:00.000Z,2026-06-04T02:00:00.000Z,68.66,67.22,67.26,70.35,72.06,STOP,-1.96,-2.18,1
SOLUSDT,OversoldBounce,LONG,2026-06-04T10:00:00.000Z,2026-06-04T12:00:00.000Z,67.92,69.59,66.53,69.59,71.28,TP1,2.13,2.37,2
SOLUSDT,OversoldBounce,LONG,2026-06-05T06:00:00.000Z,2026-06-05T10:00:00.000Z,65.08,66.68,63.75,66.68,68.30,TP1,2.13,2.37,4
SOLUSDT,BearishRally,SHORT,2026-06-11T17:00:00.000Z,2026-06-13T21:00:00.000Z,67.12,68.93,68.90,65.47,63.79,STOP,-2.51,-2.79,52
SOLUSDT,BullishPullback,LONG,2026-06-14T10:00:00.000Z,2026-06-14T21:00:00.000Z,68.19,69.86,66.24,69.86,71.57,TP1,2.13,2.37,11
SOLUSDT,BullishPullback,LONG,2026-06-18T04:00:00.000Z,2026-06-18T15:00:00.000Z,71.10,69.17,69.20,72.84,74.61,STOP,-2.51,-2.79,11
SOLUSDT,OversoldBounce,LONG,2026-06-18T15:00:00.000Z,2026-06-20T04:00:00.000Z,68.47,70.15,67.07,70.15,71.86,TP1,2.13,2.37,37
SOLUSDT,BearishRally,SHORT,2026-06-20T04:00:00.000Z,2026-06-20T05:00:00.000Z,70.82,71.66,71.62,69.09,67.32,STOP,-1.13,-1.26,1
SOLUSDT,BullishPullback,LONG,2026-06-22T22:00:00.000Z,2026-06-23T06:00:00.000Z,72.15,70.19,70.22,73.91,75.72,STOP,-2.52,-2.80,8
SOLUSDT,OversoldBounce,LONG,2026-06-23T06:00:00.000Z,2026-06-23T08:00:00.000Z,70.37,68.89,68.92,72.09,73.85,STOP,-1.96,-2.18,2
SOLUSDT,OversoldBounce,LONG,2026-06-23T08:00:00.000Z,2026-06-24T11:00:00.000Z,68.73,70.42,67.33,70.42,72.14,TP1,2.13,2.37,27
SOLUSDT,OversoldBounce,LONG,2026-06-24T15:00:00.000Z,2026-06-24T17:00:00.000Z,67.36,65.95,65.98,69.01,70.70,STOP,-1.96,-2.18,2
SOLUSDT,OversoldBounce,LONG,2026-06-24T17:00:00.000Z,2026-06-24T20:00:00.000Z,65.01,66.60,63.68,66.60,68.23,TP1,2.13,2.37,3
SOLUSDT,OversoldBounce,LONG,2026-06-25T13:00:00.000Z,2026-06-25T14:00:00.000Z,64.26,65.84,62.95,65.84,67.44,TP1,2.13,2.37,1
SOLUSDT,BearishRally,SHORT,2026-06-26T06:00:00.000Z,2026-06-26T13:00:00.000Z,69.96,68.24,71.25,68.24,66.49,TP1,2.13,2.37,7
SOLUSDT,BearishRally,SHORT,2026-06-26T13:00:00.000Z,2026-06-26T14:00:00.000Z,70.67,71.26,71.22,68.94,67.17,STOP,-0.82,-0.91,1
SOLUSDT,BearishRally,SHORT,2026-06-26T14:00:00.000Z,2026-06-26T15:00:00.000Z,70.42,71.27,71.23,68.70,66.94,STOP,-1.15,-1.28,1